ID,Match,Language,Name,Script,Family,Autotyp_Area
AL_2110262,1,AL,Albanian,roman,IE,Europe
AL_2137891,1,AL,Albanian,roman,IE,Europe
AL_2142091,1,AL,Albanian,roman,IE,Europe
AL_2142743,0,AL,Albanian,roman,IE,Europe
AL_2144707,1,AL,Albanian,roman,IE,Europe
AL_2145197,0,AL,Albanian,roman,IE,Europe
AL_2200030,0,AL,Albanian,roman,IE,Europe
AL_2200491,0,AL,Albanian,roman,IE,Europe
AL_2200597,0,AL,Albanian,roman,IE,Europe
AL_2201480,1,AL,Albanian,roman,IE,Europe
AM_2085826,1,AM,Amharic,different,Afro-Asiatic,Greater Abyssinia
AM_2086395,1,AM,Amharic,different,Afro-Asiatic,Greater Abyssinia
AM_2089819,1,AM,Amharic,different,Afro-Asiatic,Greater Abyssinia
AM_2090125,1,AM,Amharic,different,Afro-Asiatic,Greater Abyssinia
AM_2090231,1,AM,Amharic,different,Afro-Asiatic,Greater Abyssinia
AM_2110154,1,AM,Amharic,different,Afro-Asiatic,Greater Abyssinia
AM_2113553,0,AM,Amharic,different,Afro-Asiatic,Greater Abyssinia
AM_2124652,0,AM,Amharic,different,Afro-Asiatic,Greater Abyssinia
AM_2126284,0,AM,Amharic,different,Afro-Asiatic,Greater Abyssinia
AM_2129759,0,AM,Amharic,different,Afro-Asiatic,Greater Abyssinia
AM_2130356,0,AM,Amharic,different,Afro-Asiatic,Greater Abyssinia
AM_2131367,1,AM,Amharic,different,Afro-Asiatic,Greater Abyssinia
AM_2131473,1,AM,Amharic,different,Afro-Asiatic,Greater Abyssinia
AM_2131488,1,AM,Amharic,different,Afro-Asiatic,Greater Abyssinia
AM_2131538,0,AM,Amharic,different,Afro-Asiatic,Greater Abyssinia
AM_2131978,0,AM,Amharic,different,Afro-Asiatic,Greater Abyssinia
AM_2132050,0,AM,Amharic,different,Afro-Asiatic,Greater Abyssinia
AM_2132352,0,AM,Amharic,different,Afro-Asiatic,Greater Abyssinia
AM_2132489,1,AM,Amharic,different,Afro-Asiatic,Greater Abyssinia
AM_2135059,0,AM,Amharic,different,Afro-Asiatic,Greater Abyssinia
AM_2135205,0,AM,Amharic,different,Afro-Asiatic,Greater Abyssinia
AM_2135351,1,AM,Amharic,different,Afro-Asiatic,Greater Abyssinia
AM_2135714,1,AM,Amharic,different,Afro-Asiatic,Greater Abyssinia
CN_2085682,0,CN,Chinese,different,Sino-Tibetan,Southeast Asia
CN_2090343,0,CN,Chinese,different,Sino-Tibetan,Southeast Asia
CN_2090516,0,CN,Chinese,different,Sino-Tibetan,Southeast Asia
CN_2090559,0,CN,Chinese,different,Sino-Tibetan,Southeast Asia
CN_2090893,1,CN,Chinese,different,Sino-Tibetan,Southeast Asia
CN_2091068,0,CN,Chinese,different,Sino-Tibetan,Southeast Asia
CN_2091116,1,CN,Chinese,different,Sino-Tibetan,Southeast Asia
CN_2091224,1,CN,Chinese,different,Sino-Tibetan,Southeast Asia
CN_2091379,0,CN,Chinese,different,Sino-Tibetan,Southeast Asia
CN_2091417,1,CN,Chinese,different,Sino-Tibetan,Southeast Asia
CN_2091465,1,CN,Chinese,different,Sino-Tibetan,Southeast Asia
CN_2091749,0,CN,Chinese,different,Sino-Tibetan,Southeast Asia
CN_2091822,0,CN,Chinese,different,Sino-Tibetan,Southeast Asia
CN_2092002,0,CN,Chinese,different,Sino-Tibetan,Southeast Asia
CN_2092150,0,CN,Chinese,different,Sino-Tibetan,Southeast Asia
CN_2092280,0,CN,Chinese,different,Sino-Tibetan,Southeast Asia
CN_2092469,0,CN,Chinese,different,Sino-Tibetan,Southeast Asia
CN_2092617,0,CN,Chinese,different,Sino-Tibetan,Southeast Asia
CN_2092884,1,CN,Chinese,different,Sino-Tibetan,Southeast Asia
CN_2092990,0,CN,Chinese,different,Sino-Tibetan,Southeast Asia
CN_2093102,0,CN,Chinese,different,Sino-Tibetan,Southeast Asia
CN_2093540,0,CN,Chinese,different,Sino-Tibetan,Southeast Asia
CN_2093752,0,CN,Chinese,different,Sino-Tibetan,Southeast Asia
CN_2093858,0,CN,Chinese,different,Sino-Tibetan,Southeast Asia
CN_2093964,1,CN,Chinese,different,Sino-Tibetan,Southeast Asia
CN_2094119,0,CN,Chinese,different,Sino-Tibetan,Southeast Asia
CN_2094225,0,CN,Chinese,different,Sino-Tibetan,Southeast Asia
CN_2094331,0,CN,Chinese,different,Sino-Tibetan,Southeast Asia
CN_2094333,1,CN,Chinese,different,Sino-Tibetan,Southeast Asia
CN_2094542,0,CN,Chinese,different,Sino-Tibetan,Southeast Asia
CN_2094865,1,CN,Chinese,different,Sino-Tibetan,Southeast Asia
CN_2095104,0,CN,Chinese,different,Sino-Tibetan,Southeast Asia
CN_2095358,0,CN,Chinese,different,Sino-Tibetan,Southeast Asia
CN_2095401,1,CN,Chinese,different,Sino-Tibetan,Southeast Asia
CN_2096079,1,CN,Chinese,different,Sino-Tibetan,Southeast Asia
CN_2096196,1,CN,Chinese,different,Sino-Tibetan,Southeast Asia
CN_2096588,0,CN,Chinese,different,Sino-Tibetan,Southeast Asia
CN_2096696,1,CN,Chinese,different,Sino-Tibetan,Southeast Asia
CN_2096717,1,CN,Chinese,different,Sino-Tibetan,Southeast Asia
CN_2096896,1,CN,Chinese,different,Sino-Tibetan,Southeast Asia
CN_2096947,0,CN,Chinese,different,Sino-Tibetan,Southeast Asia
CN_2096959,0,CN,Chinese,different,Sino-Tibetan,Southeast Asia
CN_2097226,0,CN,Chinese,different,Sino-Tibetan,Southeast Asia
CN_2097291,1,CN,Chinese,different,Sino-Tibetan,Southeast Asia
CN_2097511,0,CN,Chinese,different,Sino-Tibetan,Southeast Asia
CN_2099532,0,CN,Chinese,different,Sino-Tibetan,Southeast Asia
DE_2001960,1,DE,German,roman,IE,Europe
DE_2002066,1,DE,German,roman,IE,Europe
DE_2002181,1,DE,German,roman,IE,Europe
DE_2003687,1,DE,German,roman,IE,Europe
DE_2006973,1,DE,German,roman,IE,Europe
DE_2006992,1,DE,German,roman,IE,Europe
DE_2007185,1,DE,German,roman,IE,Europe
DE_2007197,1,DE,German,roman,IE,Europe
DE_2007257,0,DE,German,roman,IE,Europe
DE_2007505,1,DE,German,roman,IE,Europe
DE_2007575,1,DE,German,roman,IE,Europe
DE_2007595,1,DE,German,roman,IE,Europe
DE_2007942,1,DE,German,roman,IE,Europe
DE_2008182,1,DE,German,roman,IE,Europe
DE_2008469,1,DE,German,roman,IE,Europe
DE_2009354,1,DE,German,roman,IE,Europe
DE_2009820,0,DE,German,roman,IE,Europe
DE_2009857,1,DE,German,roman,IE,Europe
DE_2009902,1,DE,German,roman,IE,Europe
DE_2010153,1,DE,German,roman,IE,Europe
DE_2010577,1,DE,German,roman,IE,Europe
DE_2011490,1,DE,German,roman,IE,Europe
DE_2011955,1,DE,German,roman,IE,Europe
DE_2013436,1,DE,German,roman,IE,Europe
DE_2015119,0,DE,German,roman,IE,Europe
DE_2015371,1,DE,German,roman,IE,Europe
DE_2016147,1,DE,German,roman,IE,Europe
DE_2016253,1,DE,German,roman,IE,Europe
DE_2016675,1,DE,German,roman,IE,Europe
DE_2017196,1,DE,German,roman,IE,Europe
DE_2017541,1,DE,German,roman,IE,Europe
DE_2017558,1,DE,German,roman,IE,Europe
DE_2017828,1,DE,German,roman,IE,Europe
DE_2018342,1,DE,German,roman,IE,Europe
DE_2018651,0,DE,German,roman,IE,Europe
DE_2019007,1,DE,German,roman,IE,Europe
DE_2019115,1,DE,German,roman,IE,Europe
DE_2019961,1,DE,German,roman,IE,Europe
DE_2020666,0,DE,German,roman,IE,Europe
DE_2020772,1,DE,German,roman,IE,Europe
DE_2020887,1,DE,German,roman,IE,Europe
DE_2021088,1,DE,German,roman,IE,Europe
DE_2021203,1,DE,German,roman,IE,Europe
DE_2021892,1,DE,German,roman,IE,Europe
DE_2021951,1,DE,German,roman,IE,Europe
DE_2022038,1,DE,German,roman,IE,Europe
DE_2022093,1,DE,German,roman,IE,Europe
DE_2022372,1,DE,German,roman,IE,Europe
DE_2024982,1,DE,German,roman,IE,Europe
DE_2025088,0,DE,German,roman,IE,Europe
DE_2025321,1,DE,German,roman,IE,Europe
DE_2026290,1,DE,German,roman,IE,Europe
DE_2026502,0,DE,German,roman,IE,Europe
DE_2026608,1,DE,German,roman,IE,Europe
DE_2028933,0,DE,German,roman,IE,Europe
DE_2032454,1,DE,German,roman,IE,Europe
DE_2035082,0,DE,German,roman,IE,Europe
DE_2035188,0,DE,German,roman,IE,Europe
DE_2035314,1,DE,German,roman,IE,Europe
DE_2036644,1,DE,German,roman,IE,Europe
DE_2036752,1,DE,German,roman,IE,Europe
DE_2037056,0,DE,German,roman,IE,Europe
DE_2037869,1,DE,German,roman,IE,Europe
DE_2037989,1,DE,German,roman,IE,Europe
DE_2038461,0,DE,German,roman,IE,Europe
DE_2038972,1,DE,German,roman,IE,Europe
DE_2039334,1,DE,German,roman,IE,Europe
DE_2039440,1,DE,German,roman,IE,Europe
DE_2039750,1,DE,German,roman,IE,Europe
DE_2040180,1,DE,German,roman,IE,Europe
DE_2043127,1,DE,German,roman,IE,Europe
DE_2043880,1,DE,German,roman,IE,Europe
DE_2043986,1,DE,German,roman,IE,Europe
DE_2044122,1,DE,German,roman,IE,Europe
DE_2046800,1,DE,German,roman,IE,Europe
DE_2055195,1,DE,German,roman,IE,Europe
DE_2055406,1,DE,German,roman,IE,Europe
DE_2055806,1,DE,German,roman,IE,Europe
DE_2072116,1,DE,German,roman,IE,Europe
DE_2074160,0,DE,German,roman,IE,Europe
DE_2090015,1,DE,German,roman,IE,Europe
DE_2109173,1,DE,German,roman,IE,Europe
DE_2117137,1,DE,German,roman,IE,Europe
DK_2102760,1,DK,Danish,roman,IE,Europe
DK_2102868,1,DK,Danish,roman,IE,Europe
DK_2136830,1,DK,Danish,roman,IE,Europe
DK_2137122,1,DK,Danish,roman,IE,Europe
DK_2142486,1,DK,Danish,roman,IE,Europe
DK_2142540,1,DK,Danish,roman,IE,Europe
DK_2142882,1,DK,Danish,roman,IE,Europe
DK_2143010,0,DK,Danish,roman,IE,Europe
DK_2143222,1,DK,Danish,roman,IE,Europe
DK_2143457,0,DK,Danish,roman,IE,Europe
DK_2143615,1,DK,Danish,roman,IE,Europe
DK_2143723,1,DK,Danish,roman,IE,Europe
DK_2143829,1,DK,Danish,roman,IE,Europe
DK_2144114,1,DK,Danish,roman,IE,Europe
DK_2144894,1,DK,Danish,roman,IE,Europe
DK_2147661,1,DK,Danish,roman,IE,Europe
DK_2149822,1,DK,Danish,roman,IE,Europe
DK_2149901,0,DK,Danish,roman,IE,Europe
EE_2051870,1,EE,Estonian,roman,Finno-Ugric,Inner Asia
EE_2054453,1,EE,Estonian,roman,Finno-Ugric,Inner Asia
EE_2055693,1,EE,Estonian,roman,Finno-Ugric,Inner Asia
EE_2056156,1,EE,Estonian,roman,Finno-Ugric,Inner Asia
EE_2056161,1,EE,Estonian,roman,Finno-Ugric,Inner Asia
EE_2056593,0,EE,Estonian,roman,Finno-Ugric,Inner Asia
EE_2056729,0,EE,Estonian,roman,Finno-Ugric,Inner Asia
EE_2056747,1,EE,Estonian,roman,Finno-Ugric,Inner Asia
EE_2056947,0,EE,Estonian,roman,Finno-Ugric,Inner Asia
EE_2057308,0,EE,Estonian,roman,Finno-Ugric,Inner Asia
EE_2057346,1,EE,Estonian,roman,Finno-Ugric,Inner Asia
EE_2057447,1,EE,Estonian,roman,Finno-Ugric,Inner Asia
EE_2057608,1,EE,Estonian,roman,Finno-Ugric,Inner Asia
EE_2057689,1,EE,Estonian,roman,Finno-Ugric,Inner Asia
EE_2057838,1,EE,Estonian,roman,Finno-Ugric,Inner Asia
EE_2057944,1,EE,Estonian,roman,Finno-Ugric,Inner Asia
EE_2058050,0,EE,Estonian,roman,Finno-Ugric,Inner Asia
EE_2058156,1,EE,Estonian,roman,Finno-Ugric,Inner Asia
EE_2058368,1,EE,Estonian,roman,Finno-Ugric,Inner Asia
EE_2058474,0,EE,Estonian,roman,Finno-Ugric,Inner Asia
EE_2058528,1,EE,Estonian,roman,Finno-Ugric,Inner Asia
EE_2058541,1,EE,Estonian,roman,Finno-Ugric,Inner Asia
EE_2058608,1,EE,Estonian,roman,Finno-Ugric,Inner Asia
EE_2058898,1,EE,Estonian,roman,Finno-Ugric,Inner Asia
EE_2059007,1,EE,Estonian,roman,Finno-Ugric,Inner Asia
EE_2059148,1,EE,Estonian,roman,Finno-Ugric,Inner Asia
EE_2059273,1,EE,Estonian,roman,Finno-Ugric,Inner Asia
EE_2059385,0,EE,Estonian,roman,Finno-Ugric,Inner Asia
EE_2059514,1,EE,Estonian,roman,Finno-Ugric,Inner Asia
EE_2059961,1,EE,Estonian,roman,Finno-Ugric,Inner Asia
EE_2060175,1,EE,Estonian,roman,Finno-Ugric,Inner Asia
EE_2060749,1,EE,Estonian,roman,Finno-Ugric,Inner Asia
EE_2061100,1,EE,Estonian,roman,Finno-Ugric,Inner Asia
EE_2061228,1,EE,Estonian,roman,Finno-Ugric,Inner Asia
EE_2061330,0,EE,Estonian,roman,Finno-Ugric,Inner Asia
EE_2062178,1,EE,Estonian,roman,Finno-Ugric,Inner Asia
EE_2062405,1,EE,Estonian,roman,Finno-Ugric,Inner Asia
EE_2063434,1,EE,Estonian,roman,Finno-Ugric,Inner Asia
EE_2063750,1,EE,Estonian,roman,Finno-Ugric,Inner Asia
EE_2063940,0,EE,Estonian,roman,Finno-Ugric,Inner Asia
EE_2065426,1,EE,Estonian,roman,Finno-Ugric,Inner Asia
EE_2067135,1,EE,Estonian,roman,Finno-Ugric,Inner Asia
EE_2067986,1,EE,Estonian,roman,Finno-Ugric,Inner Asia
EE_2071211,1,EE,Estonian,roman,Finno-Ugric,Inner Asia
EE_2093288,0,EE,Estonian,roman,Finno-Ugric,Inner Asia
EE_2109632,1,EE,Estonian,roman,Finno-Ugric,Inner Asia
EE_2190350,1,EE,Estonian,roman,Finno-Ugric,Inner Asia
EN_1993336,1,EN,English UK,roman,IE,Europe
EN_2007249,1,EN,English UK,roman,IE,Europe
EN_2009360,1,EN,English UK,roman,IE,Europe
EN_2009682,1,EN,English UK,roman,IE,Europe
EN_2011604,1,EN,English UK,roman,IE,Europe
EN_2012604,0,EN,English UK,roman,IE,Europe
EN_2014133,0,EN,English UK,roman,IE,Europe
EN_2015517,1,EN,English UK,roman,IE,Europe
EN_2017753,0,EN,English UK,roman,IE,Europe
EN_2017965,1,EN,English UK,roman,IE,Europe
EN_2025215,0,EN,English UK,roman,IE,Europe
EN_2026714,1,EN,English UK,roman,IE,Europe
EN_2027185,1,EN,English UK,roman,IE,Europe
EN_2029222,1,EN,English UK,roman,IE,Europe
EN_2029328,1,EN,English UK,roman,IE,Europe
EN_2029434,1,EN,English UK,roman,IE,Europe
EN_2029531,1,EN,English UK,roman,IE,Europe
EN_2029633,1,EN,English UK,roman,IE,Europe
EN_2029682,1,EN,English UK,roman,IE,Europe
EN_2029700,1,EN,English UK,roman,IE,Europe
EN_2029922,1,EN,English UK,roman,IE,Europe
EN_2030058,1,EN,English UK,roman,IE,Europe
EN_2030330,1,EN,English UK,roman,IE,Europe
EN_2030515,1,EN,English UK,roman,IE,Europe
EN_2030623,1,EN,English UK,roman,IE,Europe
EN_2030766,1,EN,English UK,roman,IE,Europe
EN_2030899,1,EN,English UK,roman,IE,Europe
EN_2031042,1,EN,English UK,roman,IE,Europe
EN_2031091,0,EN,English UK,roman,IE,Europe
EN_2031265,1,EN,English UK,roman,IE,Europe
EN_2031376,1,EN,English UK,roman,IE,Europe
EN_2031526,1,EN,English UK,roman,IE,Europe
EN_2031667,1,EN,English UK,roman,IE,Europe
EN_2031824,0,EN,English UK,roman,IE,Europe
EN_2031862,1,EN,English UK,roman,IE,Europe
EN_2032036,1,EN,English UK,roman,IE,Europe
EN_2032142,1,EN,English UK,roman,IE,Europe
EN_2032308,1,EN,English UK,roman,IE,Europe
EN_2032689,1,EN,English UK,roman,IE,Europe
EN_2032799,1,EN,English UK,roman,IE,Europe
EN_2033313,1,EN,English UK,roman,IE,Europe
EN_2033419,1,EN,English UK,roman,IE,Europe
EN_2033459,1,EN,English UK,roman,IE,Europe
EN_2033631,1,EN,English UK,roman,IE,Europe
EN_2033751,1,EN,English UK,roman,IE,Europe
EN_2033881,1,EN,English UK,roman,IE,Europe
EN_2034548,0,EN,English UK,roman,IE,Europe
EN_2034831,1,EN,English UK,roman,IE,Europe
EN_2034937,1,EN,English UK,roman,IE,Europe
EN_2035441,0,EN,English UK,roman,IE,Europe
EN_2035547,1,EN,English UK,roman,IE,Europe
EN_2035653,0,EN,English UK,roman,IE,Europe
EN_2036332,1,EN,English UK,roman,IE,Europe
EN_2038609,1,EN,English UK,roman,IE,Europe
EN_2039215,1,EN,English UK,roman,IE,Europe
EN_2040072,0,EN,English UK,roman,IE,Europe
EN_2043021,1,EN,English UK,roman,IE,Europe
EN_2043774,1,EN,English UK,roman,IE,Europe
EN_2044230,1,EN,English UK,roman,IE,Europe
EN_2044492,1,EN,English UK,roman,IE,Europe
EN_2049534,0,EN,English UK,roman,IE,Europe
EN_2056487,1,EN,English UK,roman,IE,Europe
EN_2067029,1,EN,English UK,roman,IE,Europe
EN_2072464,1,EN,English UK,roman,IE,Europe
EN_2075768,1,EN,English UK,roman,IE,Europe
EN_2086628,1,EN,English UK,roman,IE,Europe
EN_2094717,1,EN,English UK,roman,IE,Europe
ES_2048974,0,ES,Spanish,roman,IE,Europe
ES_2064046,1,ES,Spanish,roman,IE,Europe
ES_2064970,1,ES,Spanish,roman,IE,Europe
ES_2065961,0,ES,Spanish,roman,IE,Europe
ES_2066170,1,ES,Spanish,roman,IE,Europe
ES_2071528,1,ES,Spanish,roman,IE,Europe
ES_2072570,0,ES,Spanish,roman,IE,Europe
ES_2079043,1,ES,Spanish,roman,IE,Europe
ES_2080636,0,ES,Spanish,roman,IE,Europe
ES_2083727,1,ES,Spanish,roman,IE,Europe
ES_2084849,1,ES,Spanish,roman,IE,Europe
ES_2085397,1,ES,Spanish,roman,IE,Europe
ES_2099999,0,ES,Spanish,roman,IE,Europe
ES_2100037,1,ES,Spanish,roman,IE,Europe
ES_2100788,1,ES,Spanish,roman,IE,Europe
ES_2102937,1,ES,Spanish,roman,IE,Europe
ES_2104450,1,ES,Spanish,roman,IE,Europe
ES_2107752,1,ES,Spanish,roman,IE,Europe
ES_2107803,0,ES,Spanish,roman,IE,Europe
ES_2107840,0,ES,Spanish,roman,IE,Europe
ES_2108072,1,ES,Spanish,roman,IE,Europe
ES_2108273,0,ES,Spanish,roman,IE,Europe
ES_2108379,1,ES,Spanish,roman,IE,Europe
ES_2108485,1,ES,Spanish,roman,IE,Europe
ES_2108595,1,ES,Spanish,roman,IE,Europe
ES_2108740,1,ES,Spanish,roman,IE,Europe
ES_2109053,1,ES,Spanish,roman,IE,Europe
ES_2110814,0,ES,Spanish,roman,IE,Europe
FA_2043490,0,FA,Farsi,different,IE,Greater Mesopotamia
FA_2068709,0,FA,Farsi,different,IE,Greater Mesopotamia
FA_2086501,1,FA,Farsi,different,IE,Greater Mesopotamia
FA_2103514,0,FA,Farsi,different,IE,Greater Mesopotamia
FA_2103865,1,FA,Farsi,different,IE,Greater Mesopotamia
FA_2104128,1,FA,Farsi,different,IE,Greater Mesopotamia
FA_2105292,1,FA,Farsi,different,IE,Greater Mesopotamia
FA_2110602,1,FA,Farsi,different,IE,Greater Mesopotamia
FA_2120082,1,FA,Farsi,different,IE,Greater Mesopotamia
FA_2142305,1,FA,Farsi,different,IE,Greater Mesopotamia
FA_2147376,0,FA,Farsi,different,IE,Greater Mesopotamia
FA_2150860,1,FA,Farsi,different,IE,Greater Mesopotamia
FA_2150878,0,FA,Farsi,different,IE,Greater Mesopotamia
FA_2151101,0,FA,Farsi,different,IE,Greater Mesopotamia
FA_2151146,1,FA,Farsi,different,IE,Greater Mesopotamia
FA_2151452,1,FA,Farsi,different,IE,Greater Mesopotamia
FA_2151502,0,FA,Farsi,different,IE,Greater Mesopotamia
FA_2151685,0,FA,Farsi,different,IE,Greater Mesopotamia
FA_2151791,0,FA,Farsi,different,IE,Greater Mesopotamia
FA_2152327,1,FA,Farsi,different,IE,Greater Mesopotamia
FA_2152433,0,FA,Farsi,different,IE,Greater Mesopotamia
FA_2152540,1,FA,Farsi,different,IE,Greater Mesopotamia
FA_2152646,0,FA,Farsi,different,IE,Greater Mesopotamia
FR_2074614,1,FR,French,roman,IE,Europe
FR_2088693,1,FR,French,roman,IE,Europe
FR_2088799,1,FR,French,roman,IE,Europe
FR_2093434,1,FR,French,roman,IE,Europe
FR_2098048,1,FR,French,roman,IE,Europe
FR_2098380,1,FR,French,roman,IE,Europe
FR_2098486,1,FR,French,roman,IE,Europe
FR_2098592,1,FR,French,roman,IE,Europe
FR_2098612,0,FR,French,roman,IE,Europe
FR_2098726,1,FR,French,roman,IE,Europe
FR_2098910,1,FR,French,roman,IE,Europe
FR_2099016,1,FR,French,roman,IE,Europe
FR_2099122,1,FR,French,roman,IE,Europe
FR_2099228,1,FR,French,roman,IE,Europe
FR_2099334,1,FR,French,roman,IE,Europe
FR_2099761,0,FR,French,roman,IE,Europe
FR_2099763,0,FR,French,roman,IE,Europe
FR_2100322,1,FR,French,roman,IE,Europe
FR_2100536,0,FR,French,roman,IE,Europe
FR_2100642,1,FR,French,roman,IE,Europe
FR_2100701,1,FR,French,roman,IE,Europe
FR_2100714,1,FR,French,roman,IE,Europe
FR_2100799,0,FR,French,roman,IE,Europe
FR_2100971,1,FR,French,roman,IE,Europe
FR_2100985,1,FR,French,roman,IE,Europe
FR_2101024,1,FR,French,roman,IE,Europe
FR_2101081,1,FR,French,roman,IE,Europe
FR_2101380,1,FR,French,roman,IE,Europe
FR_2101720,1,FR,French,roman,IE,Europe
FR_2101747,1,FR,French,roman,IE,Europe
FR_2102035,1,FR,French,roman,IE,Europe
FR_2102295,1,FR,French,roman,IE,Europe
FR_2102421,1,FR,French,roman,IE,Europe
FR_2102527,1,FR,French,roman,IE,Europe
FR_2102654,0,FR,French,roman,IE,Europe
FR_2103080,1,FR,French,roman,IE,Europe
FR_2103186,1,FR,French,roman,IE,Europe
FR_2103402,1,FR,French,roman,IE,Europe
FR_2103653,1,FR,French,roman,IE,Europe
FR_2104234,1,FR,French,roman,IE,Europe
FR_2104340,1,FR,French,roman,IE,Europe
FR_2105020,1,FR,French,roman,IE,Europe
FR_2105186,0,FR,French,roman,IE,Europe
FR_2105871,1,FR,French,roman,IE,Europe
FR_2105874,1,FR,French,roman,IE,Europe
FR_2106197,0,FR,French,roman,IE,Europe
FR_2106314,1,FR,French,roman,IE,Europe
FR_2106427,1,FR,French,roman,IE,Europe
FR_2106623,0,FR,French,roman,IE,Europe
FR_2106696,1,FR,French,roman,IE,Europe
FR_2107027,1,FR,French,roman,IE,Europe
FR_2107135,1,FR,French,roman,IE,Europe
FR_2107244,0,FR,French,roman,IE,Europe
FR_2107395,0,FR,French,roman,IE,Europe
FR_2107540,1,FR,French,roman,IE,Europe
FR_2107646,1,FR,French,roman,IE,Europe
FR_2108947,1,FR,French,roman,IE,Europe
FR_2112372,1,FR,French,roman,IE,Europe
FR_2113664,1,FR,French,roman,IE,Europe
FR_2113913,1,FR,French,roman,IE,Europe
FR_2119495,0,FR,French,roman,IE,Europe
FR_2120324,1,FR,French,roman,IE,Europe
FR_2123564,1,FR,French,roman,IE,Europe
GE_2078462,1,GE,Georgian,different,Kartvelian,Greater Mesopotamia
GE_2110923,0,GE,Georgian,different,Kartvelian,Greater Mesopotamia
GE_2111129,1,GE,Georgian,different,Kartvelian,Greater Mesopotamia
GE_2111235,1,GE,Georgian,different,Kartvelian,Greater Mesopotamia
GE_2111237,1,GE,Georgian,different,Kartvelian,Greater Mesopotamia
GE_2111476,0,GE,Georgian,different,Kartvelian,Greater Mesopotamia
GE_2113770,0,GE,Georgian,different,Kartvelian,Greater Mesopotamia
GE_2130542,1,GE,Georgian,different,Kartvelian,Greater Mesopotamia
GE_2131086,1,GE,Georgian,different,Kartvelian,Greater Mesopotamia
GE_2131090,1,GE,Georgian,different,Kartvelian,Greater Mesopotamia
GE_2134616,1,GE,Georgian,different,Kartvelian,Greater Mesopotamia
GE_2145379,1,GE,Georgian,different,Kartvelian,Greater Mesopotamia
GE_2148242,0,GE,Georgian,different,Kartvelian,Greater Mesopotamia
GE_2186931,0,GE,Georgian,different,Kartvelian,Greater Mesopotamia
GE_2199787,1,GE,Georgian,different,Kartvelian,Greater Mesopotamia
GR_2037162,0,GR,Greek,different,IE,Europe
GR_2037268,0,GR,Greek,different,IE,Europe
GR_2037450,1,GR,Greek,different,IE,Europe
GR_2037556,1,GR,Greek,different,IE,Europe
GR_2037777,1,GR,Greek,different,IE,Europe
GR_2038207,1,GR,Greek,different,IE,Europe
GR_2039546,1,GR,Greek,different,IE,Europe
GR_2041501,1,GR,Greek,different,IE,Europe
GR_2041607,0,GR,Greek,different,IE,Europe
GR_2041713,1,GR,Greek,different,IE,Europe
GR_2041966,0,GR,Greek,different,IE,Europe
GR_2042476,0,GR,Greek,different,IE,Europe
GR_2047985,0,GR,Greek,different,IE,Europe
GR_2052152,0,GR,Greek,different,IE,Europe
GR_2052285,1,GR,Greek,different,IE,Europe
GR_2052566,0,GR,Greek,different,IE,Europe
GR_2052661,1,GR,Greek,different,IE,Europe
GR_2052791,1,GR,Greek,different,IE,Europe
GR_2052834,1,GR,Greek,different,IE,Europe
GR_2052940,1,GR,Greek,different,IE,Europe
GR_2052949,0,GR,Greek,different,IE,Europe
GR_2053049,1,GR,Greek,different,IE,Europe
GR_2053235,1,GR,Greek,different,IE,Europe
GR_2053499,1,GR,Greek,different,IE,Europe
GR_2053502,1,GR,Greek,different,IE,Europe
GR_2053549,1,GR,Greek,different,IE,Europe
GR_2053562,0,GR,Greek,different,IE,Europe
GR_2053930,0,GR,Greek,different,IE,Europe
GR_2054044,1,GR,Greek,different,IE,Europe
GR_2054169,0,GR,Greek,different,IE,Europe
GR_2054347,0,GR,Greek,different,IE,Europe
GR_2054559,1,GR,Greek,different,IE,Europe
GR_2054665,1,GR,Greek,different,IE,Europe
GR_2054771,1,GR,Greek,different,IE,Europe
GR_2054858,1,GR,Greek,different,IE,Europe
GR_2054929,0,GR,Greek,different,IE,Europe
GR_2055020,1,GR,Greek,different,IE,Europe
GR_2055292,1,GR,Greek,different,IE,Europe
GR_2055527,1,GR,Greek,different,IE,Europe
GR_2144270,1,GR,Greek,different,IE,Europe
HU_2100212,1,HU,Hungarian,roman,Finno-Ugric,Europe
HU_2114319,1,HU,Hungarian,roman,Finno-Ugric,Europe
HU_2115022,0,HU,Hungarian,roman,Finno-Ugric,Europe
HU_2115135,1,HU,Hungarian,roman,Finno-Ugric,Europe
HU_2115358,1,HU,Hungarian,roman,Finno-Ugric,Europe
HU_2115509,1,HU,Hungarian,roman,Finno-Ugric,Europe
HU_2115615,1,HU,Hungarian,roman,Finno-Ugric,Europe
HU_2115723,1,HU,Hungarian,roman,Finno-Ugric,Europe
HU_2115908,0,HU,Hungarian,roman,Finno-Ugric,Europe
HU_2116177,0,HU,Hungarian,roman,Finno-Ugric,Europe
HU_2116335,1,HU,Hungarian,roman,Finno-Ugric,Europe
HU_2116551,1,HU,Hungarian,roman,Finno-Ugric,Europe
HU_2116880,0,HU,Hungarian,roman,Finno-Ugric,Europe
HU_2117002,1,HU,Hungarian,roman,Finno-Ugric,Europe
HU_2117239,1,HU,Hungarian,roman,Finno-Ugric,Europe
HU_2117472,1,HU,Hungarian,roman,Finno-Ugric,Europe
HU_2117798,1,HU,Hungarian,roman,Finno-Ugric,Europe
HU_2117904,1,HU,Hungarian,roman,Finno-Ugric,Europe
HU_2117961,1,HU,Hungarian,roman,Finno-Ugric,Europe
HU_2118072,1,HU,Hungarian,roman,Finno-Ugric,Europe
HU_2118240,0,HU,Hungarian,roman,Finno-Ugric,Europe
HU_2118346,1,HU,Hungarian,roman,Finno-Ugric,Europe
HU_2118683,0,HU,Hungarian,roman,Finno-Ugric,Europe
HU_2118857,1,HU,Hungarian,roman,Finno-Ugric,Europe
HU_2118967,1,HU,Hungarian,roman,Finno-Ugric,Europe
HU_2119177,1,HU,Hungarian,roman,Finno-Ugric,Europe
HU_2119283,1,HU,Hungarian,roman,Finno-Ugric,Europe
HU_2119389,1,HU,Hungarian,roman,Finno-Ugric,Europe
HU_2119601,0,HU,Hungarian,roman,Finno-Ugric,Europe
HU_2147124,1,HU,Hungarian,roman,Finno-Ugric,Europe
HU_2147265,1,HU,Hungarian,roman,Finno-Ugric,Europe
HU_2147482,1,HU,Hungarian,roman,Finno-Ugric,Europe
HU_2147593,0,HU,Hungarian,roman,Finno-Ugric,Europe
HU_2147763,1,HU,Hungarian,roman,Finno-Ugric,Europe
HU_2149459,1,HU,Hungarian,roman,Finno-Ugric,Europe
IT_2061913,1,IT,Italian,roman,IE,Europe
IT_2062631,1,IT,Italian,roman,IE,Europe
IT_2063416,1,IT,Italian,roman,IE,Europe
IT_2068721,1,IT,Italian,roman,IE,Europe
IT_2068921,1,IT,Italian,roman,IE,Europe
IT_2069027,1,IT,Italian,roman,IE,Europe
IT_2069241,1,IT,Italian,roman,IE,Europe
IT_2069245,1,IT,Italian,roman,IE,Europe
IT_2069422,0,IT,Italian,roman,IE,Europe
IT_2069712,1,IT,Italian,roman,IE,Europe
IT_2070120,1,IT,Italian,roman,IE,Europe
IT_2070332,1,IT,Italian,roman,IE,Europe
IT_2070438,0,IT,Italian,roman,IE,Europe
IT_2070544,1,IT,Italian,roman,IE,Europe
IT_2070565,1,IT,Italian,roman,IE,Europe
IT_2070814,1,IT,Italian,roman,IE,Europe
IT_2070920,1,IT,Italian,roman,IE,Europe
IT_2071105,0,IT,Italian,roman,IE,Europe
IT_2073200,1,IT,Italian,roman,IE,Europe
IT_2073723,1,IT,Italian,roman,IE,Europe
IT_2074054,1,IT,Italian,roman,IE,Europe
IT_2074276,1,IT,Italian,roman,IE,Europe
IT_2074909,1,IT,Italian,roman,IE,Europe
IT_2074968,1,IT,Italian,roman,IE,Europe
IT_2075281,0,IT,Italian,roman,IE,Europe
IT_2075578,1,IT,Italian,roman,IE,Europe
IT_2076282,0,IT,Italian,roman,IE,Europe
IT_2076388,0,IT,Italian,roman,IE,Europe
IT_2076544,1,IT,Italian,roman,IE,Europe
IT_2076650,1,IT,Italian,roman,IE,Europe
IT_2076930,1,IT,Italian,roman,IE,Europe
IT_2077044,1,IT,Italian,roman,IE,Europe
IT_2077174,1,IT,Italian,roman,IE,Europe
IT_2078568,1,IT,Italian,roman,IE,Europe
IT_2078829,1,IT,Italian,roman,IE,Europe
IT_2078935,1,IT,Italian,roman,IE,Europe
IT_2080530,0,IT,Italian,roman,IE,Europe
IT_2081895,1,IT,Italian,roman,IE,Europe
IT_2088910,0,IT,Italian,roman,IE,Europe
IT_2095688,1,IT,Italian,roman,IE,Europe
IT_2097463,1,IT,Italian,roman,IE,Europe
IT_2100361,1,IT,Italian,roman,IE,Europe
IT_2100872,1,IT,Italian,roman,IE,Europe
IT_2103211,1,IT,Italian,roman,IE,Europe
IT_2103759,1,IT,Italian,roman,IE,Europe
IT_2105527,1,IT,Italian,roman,IE,Europe
IT_2135830,1,IT,Italian,roman,IE,Europe
IT_2137997,1,IT,Italian,roman,IE,Europe
IT_2146971,0,IT,Italian,roman,IE,Europe
IT_2151897,1,IT,Italian,roman,IE,Europe
IT_2189531,1,IT,Italian,roman,IE,Europe
IT_2207878,1,IT,Italian,roman,IE,Europe
JP_2026184,1,JP,Japanese,different,Japanese,N Coast Asia
JP_2026396,1,JP,Japanese,different,Japanese,N Coast Asia
JP_2027609,1,JP,Japanese,different,Japanese,N Coast Asia
JP_2027715,1,JP,Japanese,different,Japanese,N Coast Asia
JP_2027830,1,JP,Japanese,different,Japanese,N Coast Asia
JP_2027996,1,JP,Japanese,different,Japanese,N Coast Asia
JP_2028251,1,JP,Japanese,different,Japanese,N Coast Asia
JP_2028494,1,JP,Japanese,different,Japanese,N Coast Asia
JP_2029063,1,JP,Japanese,different,Japanese,N Coast Asia
JP_2034093,1,JP,Japanese,different,Japanese,N Coast Asia
JP_2037664,1,JP,Japanese,different,Japanese,N Coast Asia
JP_2039858,1,JP,Japanese,different,Japanese,N Coast Asia
JP_2039918,1,JP,Japanese,different,Japanese,N Coast Asia
JP_2040343,1,JP,Japanese,different,Japanese,N Coast Asia
JP_2040449,0,JP,Japanese,different,Japanese,N Coast Asia
JP_2040555,1,JP,Japanese,different,Japanese,N Coast Asia
JP_2040621,1,JP,Japanese,different,Japanese,N Coast Asia
JP_2040767,0,JP,Japanese,different,Japanese,N Coast Asia
JP_2040873,1,JP,Japanese,different,Japanese,N Coast Asia
JP_2040995,1,JP,Japanese,different,Japanese,N Coast Asia
JP_2041101,1,JP,Japanese,different,Japanese,N Coast Asia
JP_2041207,1,JP,Japanese,different,Japanese,N Coast Asia
JP_2042158,1,JP,Japanese,different,Japanese,N Coast Asia
JP_2042264,1,JP,Japanese,different,Japanese,N Coast Asia
JP_2042370,1,JP,Japanese,different,Japanese,N Coast Asia
JP_2042623,1,JP,Japanese,different,Japanese,N Coast Asia
JP_2042737,1,JP,Japanese,different,Japanese,N Coast Asia
JP_2042915,1,JP,Japanese,different,Japanese,N Coast Asia
JP_2043233,1,JP,Japanese,different,Japanese,N Coast Asia
JP_2043339,1,JP,Japanese,different,Japanese,N Coast Asia
JP_2043601,1,JP,Japanese,different,Japanese,N Coast Asia
JP_2044708,1,JP,Japanese,different,Japanese,N Coast Asia
JP_2044816,1,JP,Japanese,different,Japanese,N Coast Asia
JP_2044955,1,JP,Japanese,different,Japanese,N Coast Asia
JP_2045099,1,JP,Japanese,different,Japanese,N Coast Asia
JP_2045327,0,JP,Japanese,different,Japanese,N Coast Asia
JP_2045448,1,JP,Japanese,different,Japanese,N Coast Asia
JP_2046001,1,JP,Japanese,different,Japanese,N Coast Asia
JP_2046107,0,JP,Japanese,different,Japanese,N Coast Asia
JP_2046213,1,JP,Japanese,different,Japanese,N Coast Asia
JP_2046493,1,JP,Japanese,different,Japanese,N Coast Asia
JP_2046608,1,JP,Japanese,different,Japanese,N Coast Asia
JP_2046946,1,JP,Japanese,different,Japanese,N Coast Asia
JP_2047059,1,JP,Japanese,different,Japanese,N Coast Asia
JP_2047178,1,JP,Japanese,different,Japanese,N Coast Asia
JP_2047291,1,JP,Japanese,different,Japanese,N Coast Asia
JP_2047368,1,JP,Japanese,different,Japanese,N Coast Asia
JP_2047549,1,JP,Japanese,different,Japanese,N Coast Asia
JP_2047655,1,JP,Japanese,different,Japanese,N Coast Asia
JP_2047879,1,JP,Japanese,different,Japanese,N Coast Asia
JP_2048091,0,JP,Japanese,different,Japanese,N Coast Asia
JP_2048197,0,JP,Japanese,different,Japanese,N Coast Asia
JP_2048303,1,JP,Japanese,different,Japanese,N Coast Asia
JP_2048409,1,JP,Japanese,different,Japanese,N Coast Asia
JP_2048515,1,JP,Japanese,different,Japanese,N Coast Asia
JP_2048621,1,JP,Japanese,different,Japanese,N Coast Asia
JP_2050804,1,JP,Japanese,different,Japanese,N Coast Asia
KR_2120978,1,KR,Korean,different,Korean,N Coast Asia
KR_2121353,0,KR,Korean,different,Korean,N Coast Asia
KR_2122536,1,KR,Korean,different,Korean,N Coast Asia
KR_2122698,1,KR,Korean,different,Korean,N Coast Asia
KR_2145708,1,KR,Korean,different,Korean,N Coast Asia
KR_2145933,1,KR,Korean,different,Korean,N Coast Asia
KR_2192134,1,KR,Korean,different,Korean,N Coast Asia
KR_2192288,1,KR,Korean,different,Korean,N Coast Asia
KR_2192394,1,KR,Korean,different,Korean,N Coast Asia
KR_2192500,1,KR,Korean,different,Korean,N Coast Asia
KR_2192620,0,KR,Korean,different,Korean,N Coast Asia
KR_2192726,1,KR,Korean,different,Korean,N Coast Asia
KR_2192867,1,KR,Korean,different,Korean,N Coast Asia
KR_2193036,0,KR,Korean,different,Korean,N Coast Asia
KR_2193409,1,KR,Korean,different,Korean,N Coast Asia
KR_2194038,1,KR,Korean,different,Korean,N Coast Asia
KR_2194144,1,KR,Korean,different,Korean,N Coast Asia
KR_2194250,1,KR,Korean,different,Korean,N Coast Asia
KR_2194312,0,KR,Korean,different,Korean,N Coast Asia
KR_2198888,1,KR,Korean,different,Korean,N Coast Asia
KR_2199504,1,KR,Korean,different,Korean,N Coast Asia
PL_1997874,1,PL,Polish,roman,IE,Europe
PL_2008030,0,PL,Polish,roman,IE,Europe
PL_2009277,1,PL,Polish,roman,IE,Europe
PL_2011225,0,PL,Polish,roman,IE,Europe
PL_2011259,1,PL,Polish,roman,IE,Europe
PL_2011661,1,PL,Polish,roman,IE,Europe
PL_2013051,1,PL,Polish,roman,IE,Europe
PL_2013478,1,PL,Polish,roman,IE,Europe
PL_2014004,1,PL,Polish,roman,IE,Europe
PL_2014368,1,PL,Polish,roman,IE,Europe
PL_2014763,1,PL,Polish,roman,IE,Europe
PL_2014900,1,PL,Polish,roman,IE,Europe
PL_2014968,1,PL,Polish,roman,IE,Europe
PL_2015079,1,PL,Polish,roman,IE,Europe
PL_2015927,0,PL,Polish,roman,IE,Europe
PL_2016033,1,PL,Polish,roman,IE,Europe
PL_2017093,1,PL,Polish,roman,IE,Europe
PL_2017373,1,PL,Polish,roman,IE,Europe
PL_2018013,0,PL,Polish,roman,IE,Europe
PL_2018041,1,PL,Polish,roman,IE,Europe
PL_2018230,0,PL,Polish,roman,IE,Europe
PL_2018421,1,PL,Polish,roman,IE,Europe
PL_2018879,1,PL,Polish,roman,IE,Europe
PL_2019534,0,PL,Polish,roman,IE,Europe
PL_2020484,1,PL,Polish,roman,IE,Europe
PL_2021622,1,PL,Polish,roman,IE,Europe
PL_2021728,1,PL,Polish,roman,IE,Europe
PL_2022234,1,PL,Polish,roman,IE,Europe
PL_2022849,1,PL,Polish,roman,IE,Europe
PL_2023368,1,PL,Polish,roman,IE,Europe
PL_2023456,1,PL,Polish,roman,IE,Europe
PL_2023605,1,PL,Polish,roman,IE,Europe
PL_2023711,1,PL,Polish,roman,IE,Europe
PL_2024564,1,PL,Polish,roman,IE,Europe
PL_2028145,1,PL,Polish,roman,IE,Europe
PL_2034654,1,PL,Polish,roman,IE,Europe
PL_2044384,1,PL,Polish,roman,IE,Europe
PL_2048837,1,PL,Polish,roman,IE,Europe
PL_2048976,1,PL,Polish,roman,IE,Europe
PL_2051650,0,PL,Polish,roman,IE,Europe
PL_2056018,1,PL,Polish,roman,IE,Europe
PL_2060067,1,PL,Polish,roman,IE,Europe
PL_2060282,1,PL,Polish,roman,IE,Europe
PL_2060528,1,PL,Polish,roman,IE,Europe
PL_2060961,1,PL,Polish,roman,IE,Europe
PL_2061440,0,PL,Polish,roman,IE,Europe
PL_2081616,1,PL,Polish,roman,IE,Europe
PT_2121096,1,PT,Portuguese,roman,IE,Europe
PT_2121381,1,PT,Portuguese,roman,IE,Europe
PT_2121573,1,PT,Portuguese,roman,IE,Europe
PT_2121716,1,PT,Portuguese,roman,IE,Europe
PT_2121964,1,PT,Portuguese,roman,IE,Europe
PT_2122070,1,PT,Portuguese,roman,IE,Europe
PT_2122286,1,PT,Portuguese,roman,IE,Europe
PT_2122428,1,PT,Portuguese,roman,IE,Europe
PT_2122973,0,PT,Portuguese,roman,IE,Europe
PT_2123079,0,PT,Portuguese,roman,IE,Europe
PT_2123185,1,PT,Portuguese,roman,IE,Europe
PT_2123458,0,PT,Portuguese,roman,IE,Europe
PT_2123670,0,PT,Portuguese,roman,IE,Europe
PT_2123780,1,PT,Portuguese,roman,IE,Europe
PT_2123907,0,PT,Portuguese,roman,IE,Europe
PT_2124013,1,PT,Portuguese,roman,IE,Europe
PT_2124119,1,PT,Portuguese,roman,IE,Europe
PT_2124225,1,PT,Portuguese,roman,IE,Europe
PT_2124331,1,PT,Portuguese,roman,IE,Europe
PT_2124444,1,PT,Portuguese,roman,IE,Europe
PT_2124550,1,PT,Portuguese,roman,IE,Europe
PT_2124762,0,PT,Portuguese,roman,IE,Europe
PT_2124772,0,PT,Portuguese,roman,IE,Europe
PT_2125094,1,PT,Portuguese,roman,IE,Europe
PT_2125371,1,PT,Portuguese,roman,IE,Europe
PT_2125477,0,PT,Portuguese,roman,IE,Europe
PT_2125583,0,PT,Portuguese,roman,IE,Europe
PT_2125757,0,PT,Portuguese,roman,IE,Europe
PT_2127150,1,PT,Portuguese,roman,IE,Europe
PT_2127347,0,PT,Portuguese,roman,IE,Europe
PT_2127456,1,PT,Portuguese,roman,IE,Europe
PT_2127615,1,PT,Portuguese,roman,IE,Europe
PT_2127988,1,PT,Portuguese,roman,IE,Europe
PT_2128094,0,PT,Portuguese,roman,IE,Europe
PT_2128268,0,PT,Portuguese,roman,IE,Europe
PT_2128377,1,PT,Portuguese,roman,IE,Europe
PT_2128893,0,PT,Portuguese,roman,IE,Europe
PT_2129023,0,PT,Portuguese,roman,IE,Europe
PT_2129128,1,PT,Portuguese,roman,IE,Europe
PT_2129331,0,PT,Portuguese,roman,IE,Europe
PT_2129609,1,PT,Portuguese,roman,IE,Europe
PT_2130648,1,PT,Portuguese,roman,IE,Europe
PT_2130955,1,PT,Portuguese,roman,IE,Europe
PT_2132703,0,PT,Portuguese,roman,IE,Europe
PT_2132705,0,PT,Portuguese,roman,IE,Europe
PT_2132707,0,PT,Portuguese,roman,IE,Europe
PT_2132709,1,PT,Portuguese,roman,IE,Europe
PT_2132711,0,PT,Portuguese,roman,IE,Europe
PT_2132713,0,PT,Portuguese,roman,IE,Europe
PT_2132715,1,PT,Portuguese,roman,IE,Europe
PT_2132718,0,PT,Portuguese,roman,IE,Europe
PT_2132737,1,PT,Portuguese,roman,IE,Europe
PT_2132809,1,PT,Portuguese,roman,IE,Europe
PT_2132862,1,PT,Portuguese,roman,IE,Europe
PT_2133628,1,PT,Portuguese,roman,IE,Europe
PT_2133765,0,PT,Portuguese,roman,IE,Europe
PT_2133859,0,PT,Portuguese,roman,IE,Europe
PT_2133956,1,PT,Portuguese,roman,IE,Europe
PT_2134018,1,PT,Portuguese,roman,IE,Europe
RO_2049567,0,RO,Romanian,roman,IE,Europe
RO_2049681,1,RO,Romanian,roman,IE,Europe
RO_2049802,0,RO,Romanian,roman,IE,Europe
RO_2049923,0,RO,Romanian,roman,IE,Europe
RO_2050066,1,RO,Romanian,roman,IE,Europe
RO_2050176,0,RO,Romanian,roman,IE,Europe
RO_2050221,1,RO,Romanian,roman,IE,Europe
RO_2050433,0,RO,Romanian,roman,IE,Europe
RO_2050571,1,RO,Romanian,roman,IE,Europe
RO_2050718,0,RO,Romanian,roman,IE,Europe
RO_2050993,1,RO,Romanian,roman,IE,Europe
RO_2051116,0,RO,Romanian,roman,IE,Europe
RO_2051390,0,RO,Romanian,roman,IE,Europe
RO_2051756,0,RO,Romanian,roman,IE,Europe
RO_2052027,0,RO,Romanian,roman,IE,Europe
RO_2052428,1,RO,Romanian,roman,IE,Europe
RO_2055912,0,RO,Romanian,roman,IE,Europe
RO_2056381,0,RO,Romanian,roman,IE,Europe
RO_2058262,1,RO,Romanian,roman,IE,Europe
RO_2060426,0,RO,Romanian,roman,IE,Europe
RO_2060569,0,RO,Romanian,roman,IE,Europe
RO_2068312,0,RO,Romanian,roman,IE,Europe
RO_2068357,0,RO,Romanian,roman,IE,Europe
RO_2068571,1,RO,Romanian,roman,IE,Europe
RO_2069546,0,RO,Romanian,roman,IE,Europe
RO_2071423,1,RO,Romanian,roman,IE,Europe
RO_2071533,1,RO,Romanian,roman,IE,Europe
RO_2071740,0,RO,Romanian,roman,IE,Europe
RO_2072222,1,RO,Romanian,roman,IE,Europe
RO_2072586,0,RO,Romanian,roman,IE,Europe
RO_2089172,0,RO,Romanian,roman,IE,Europe
RO_2104556,0,RO,Romanian,roman,IE,Europe
RO_2114036,1,RO,Romanian,roman,IE,Europe
RU_2038822,1,RU,Russian,different,IE,Inner Asia
RU_2061678,1,RU,Russian,different,IE,Inner Asia
RU_2061788,1,RU,Russian,different,IE,Inner Asia
RU_2061975,1,RU,Russian,different,IE,Inner Asia
RU_2062520,1,RU,Russian,different,IE,Inner Asia
RU_2062614,1,RU,Russian,different,IE,Inner Asia
RU_2063000,1,RU,Russian,different,IE,Inner Asia
RU_2063117,1,RU,Russian,different,IE,Inner Asia
RU_2063228,1,RU,Russian,different,IE,Inner Asia
RU_2063364,1,RU,Russian,different,IE,Inner Asia
RU_2064048,0,RU,Russian,different,IE,Inner Asia
RU_2064265,1,RU,Russian,different,IE,Inner Asia
RU_2064657,0,RU,Russian,different,IE,Inner Asia
RU_2064842,0,RU,Russian,different,IE,Inner Asia
RU_2065108,1,RU,Russian,different,IE,Inner Asia
RU_2065214,0,RU,Russian,different,IE,Inner Asia
RU_2065320,1,RU,Russian,different,IE,Inner Asia
RU_2065532,1,RU,Russian,different,IE,Inner Asia
RU_2065638,1,RU,Russian,different,IE,Inner Asia
RU_2065744,1,RU,Russian,different,IE,Inner Asia
RU_2065792,0,RU,Russian,different,IE,Inner Asia
RU_2065958,0,RU,Russian,different,IE,Inner Asia
RU_2066278,0,RU,Russian,different,IE,Inner Asia
RU_2066433,0,RU,Russian,different,IE,Inner Asia
RU_2066663,1,RU,Russian,different,IE,Inner Asia
RU_2066769,1,RU,Russian,different,IE,Inner Asia
RU_2066788,1,RU,Russian,different,IE,Inner Asia
RU_2067357,1,RU,Russian,different,IE,Inner Asia
RU_2067463,1,RU,Russian,different,IE,Inner Asia
RU_2067569,0,RU,Russian,different,IE,Inner Asia
RU_2067617,0,RU,Russian,different,IE,Inner Asia
RU_2067835,1,RU,Russian,different,IE,Inner Asia
RU_2068102,0,RU,Russian,different,IE,Inner Asia
RU_2069133,0,RU,Russian,different,IE,Inner Asia
RU_2069776,1,RU,Russian,different,IE,Inner Asia
RU_2070226,0,RU,Russian,different,IE,Inner Asia
RU_2071317,1,RU,Russian,different,IE,Inner Asia
RU_2072920,0,RU,Russian,different,IE,Inner Asia
RU_2082071,0,RU,Russian,different,IE,Inner Asia
RU_2095225,0,RU,Russian,different,IE,Inner Asia
RU_2095582,1,RU,Russian,different,IE,Inner Asia
RU_2205067,1,RU,Russian,different,IE,Inner Asia
SE_2066393,1,SE,Swedish,roman,IE,Europe
SE_2069926,1,SE,Swedish,roman,IE,Europe
SE_2079324,1,SE,Swedish,roman,IE,Europe
SE_2079521,1,SE,Swedish,roman,IE,Europe
SE_2080068,1,SE,Swedish,roman,IE,Europe
SE_2080848,1,SE,Swedish,roman,IE,Europe
SE_2080954,1,SE,Swedish,roman,IE,Europe
SE_2081264,1,SE,Swedish,roman,IE,Europe
SE_2082177,1,SE,Swedish,roman,IE,Europe
SE_2084957,1,SE,Swedish,roman,IE,Europe
SE_2085984,1,SE,Swedish,roman,IE,Europe
SE_2104005,1,SE,Swedish,roman,IE,Europe
SE_2125928,1,SE,Swedish,roman,IE,Europe
SE_2125930,1,SE,Swedish,roman,IE,Europe
SE_2126166,1,SE,Swedish,roman,IE,Europe
SE_2126421,1,SE,Swedish,roman,IE,Europe
SE_2126527,1,SE,Swedish,roman,IE,Europe
SE_2126645,1,SE,Swedish,roman,IE,Europe
SE_2126751,1,SE,Swedish,roman,IE,Europe
SE_2126867,1,SE,Swedish,roman,IE,Europe
TH_2109740,1,TH,Thai,different,Tai-Kadai,Southeast Asia
TH_2109940,1,TH,Thai,different,Tai-Kadai,Southeast Asia
TH_2109951,1,TH,Thai,different,Tai-Kadai,Southeast Asia
TH_2110260,1,TH,Thai,different,Tai-Kadai,Southeast Asia
TH_2110708,1,TH,Thai,different,Tai-Kadai,Southeast Asia
TH_2111627,1,TH,Thai,different,Tai-Kadai,Southeast Asia
TH_2111848,1,TH,Thai,different,Tai-Kadai,Southeast Asia
TH_2111850,0,TH,Thai,different,Tai-Kadai,Southeast Asia
TH_2112079,0,TH,Thai,different,Tai-Kadai,Southeast Asia
TH_2112187,1,TH,Thai,different,Tai-Kadai,Southeast Asia
TH_2112538,0,TH,Thai,different,Tai-Kadai,Southeast Asia
TH_2113134,0,TH,Thai,different,Tai-Kadai,Southeast Asia
TH_2113338,0,TH,Thai,different,Tai-Kadai,Southeast Asia
TH_2113447,0,TH,Thai,different,Tai-Kadai,Southeast Asia
TH_2114194,1,TH,Thai,different,Tai-Kadai,Southeast Asia
TH_2116445,1,TH,Thai,different,Tai-Kadai,Southeast Asia
TH_2116679,1,TH,Thai,different,Tai-Kadai,Southeast Asia
TH_2119707,0,TH,Thai,different,Tai-Kadai,Southeast Asia
TH_2122861,1,TH,Thai,different,Tai-Kadai,Southeast Asia
TR_2062299,0,TR,Turkish,roman,Turkic,Greater Mesopotamia
TR_2074403,1,TR,Turkish,roman,Turkic,Greater Mesopotamia
TR_2074723,1,TR,Turkish,roman,Turkic,Greater Mesopotamia
TR_2075197,0,TR,Turkish,roman,Turkic,Greater Mesopotamia
TR_2075284,0,TR,Turkish,roman,Turkic,Greater Mesopotamia
TR_2075874,1,TR,Turkish,roman,Turkic,Greater Mesopotamia
TR_2075980,1,TR,Turkish,roman,Turkic,Greater Mesopotamia
TR_2076142,0,TR,Turkish,roman,Turkic,Greater Mesopotamia
TR_2076166,1,TR,Turkish,roman,Turkic,Greater Mesopotamia
TR_2076716,0,TR,Turkish,roman,Turkic,Greater Mesopotamia
TR_2077280,0,TR,Turkish,roman,Turkic,Greater Mesopotamia
TR_2077434,0,TR,Turkish,roman,Turkic,Greater Mesopotamia
TR_2077540,1,TR,Turkish,roman,Turkic,Greater Mesopotamia
TR_2077544,0,TR,Turkish,roman,Turkic,Greater Mesopotamia
TR_2077752,1,TR,Turkish,roman,Turkic,Greater Mesopotamia
TR_2078008,0,TR,Turkish,roman,Turkic,Greater Mesopotamia
TR_2078114,0,TR,Turkish,roman,Turkic,Greater Mesopotamia
TR_2078356,0,TR,Turkish,roman,Turkic,Greater Mesopotamia
TR_2078674,0,TR,Turkish,roman,Turkic,Greater Mesopotamia
TR_2079785,0,TR,Turkish,roman,Turkic,Greater Mesopotamia
TR_2079958,0,TR,Turkish,roman,Turkic,Greater Mesopotamia
TR_2080114,0,TR,Turkish,roman,Turkic,Greater Mesopotamia
TR_2080424,0,TR,Turkish,roman,Turkic,Greater Mesopotamia
TR_2084037,1,TR,Turkish,roman,Turkic,Greater Mesopotamia
TR_2084198,1,TR,Turkish,roman,Turkic,Greater Mesopotamia
TR_2084317,1,TR,Turkish,roman,Turkic,Greater Mesopotamia
TR_2084320,1,TR,Turkish,roman,Turkic,Greater Mesopotamia
TR_2084517,1,TR,Turkish,roman,Turkic,Greater Mesopotamia
TR_2084575,1,TR,Turkish,roman,Turkic,Greater Mesopotamia
TR_2084829,0,TR,Turkish,roman,Turkic,Greater Mesopotamia
TR_2085576,0,TR,Turkish,roman,Turkic,Greater Mesopotamia
TR_2087035,1,TR,Turkish,roman,Turkic,Greater Mesopotamia
TR_2088320,0,TR,Turkish,roman,Turkic,Greater Mesopotamia
TR_2112699,1,TR,Turkish,roman,Turkic,Greater Mesopotamia
TR_2112805,0,TR,Turkish,roman,Turkic,Greater Mesopotamia
TR_2113015,1,TR,Turkish,roman,Turkic,Greater Mesopotamia
TR_2113042,1,TR,Turkish,roman,Turkic,Greater Mesopotamia
TR_2119813,0,TR,Turkish,roman,Turkic,Greater Mesopotamia
TR_2119957,1,TR,Turkish,roman,Turkic,Greater Mesopotamia
TR_2157340,1,TR,Turkish,roman,Turkic,Greater Mesopotamia
ZU_2057083,1,ZU,Zulu,roman,Benue-Congo,S Africa
ZU_2059726,1,ZU,Zulu,roman,Benue-Congo,S Africa
ZU_2105421,1,ZU,Zulu,roman,Benue-Congo,S Africa
ZU_2106921,0,ZU,Zulu,roman,Benue-Congo,S Africa
ZU_2109362,1,ZU,Zulu,roman,Benue-Congo,S Africa
ZU_2129446,1,ZU,Zulu,roman,Benue-Congo,S Africa
ZU_2136573,0,ZU,Zulu,roman,Benue-Congo,S Africa
ZU_2136679,0,ZU,Zulu,roman,Benue-Congo,S Africa
ZU_2138105,1,ZU,Zulu,roman,Benue-Congo,S Africa
ZU_2138774,1,ZU,Zulu,roman,Benue-Congo,S Africa
ZU_2139026,0,ZU,Zulu,roman,Benue-Congo,S Africa
ZU_2139132,1,ZU,Zulu,roman,Benue-Congo,S Africa
ZU_2139238,1,ZU,Zulu,roman,Benue-Congo,S Africa
ZU_2139344,1,ZU,Zulu,roman,Benue-Congo,S Africa
ZU_2139788,1,ZU,Zulu,roman,Benue-Congo,S Africa
ZU_2139894,1,ZU,Zulu,roman,Benue-Congo,S Africa
ZU_2140000,1,ZU,Zulu,roman,Benue-Congo,S Africa
ZU_2140141,1,ZU,Zulu,roman,Benue-Congo,S Africa
ZU_2140360,1,ZU,Zulu,roman,Benue-Congo,S Africa
ZU_2140466,1,ZU,Zulu,roman,Benue-Congo,S Africa
